Ticket Number,Date Opened,Product Category,Model Code,Ticket Status,Priority,Assigned Team,Time to Resolution (Hours),CSAT Score,Resolution Status,Contact Channel,Symptom Description,Engineer ID,SLA Violation
4123450053.0,2025-05-18,Tablets,SM-X910,Closed,LOW,Level1 Support,110.6,five,Pending,chat,hinge issue,ENG034,
4123450168.0,01-01-2025,Mobile Phones,SM-S911U,Repair completed,High,Level1 Support,91.2,1,Pending,Email,phone won't charge,ENG089,N
4123450589.0,Sep 02 2025,,SM-T870,Assigned to Service Center,Medium,Field Service,five,N/A,Resolved,In-person,bluetooth connectivity,N,
4123450656.0,2026/02/12,Tablets,SM-T860,Compleated,CRITICAL,L3,,N/A,Pending,chat,customer canceled,,N
4123450909.0,07-02-2025,Tablets,SM-T860,Engineer Assigned,High,L1,Pending,five,,Phone,remote not working,eng045,Yes
,05/09/2025,Home Appliances,DVE50R5400V,,CRITICAL,Field Service,8.5,2,,chat,fold screen issue,N,N
4123450006.0,2025/02/25,Mobile Phones,,Engineer Assigned,Meduim,Level2 Support,five,4,In Progress,In-person,phone won't charge,ENG034,YES
4123450985.0,2025-08-30,Wearables,SM-R870,Repair completed,Medium,Level1 Support,48hrs,five,Closed,Email,washing machine making noise,ENG045,
4123450404.0,Oct 03 2025,Home Appliances,RF28R7351SR,Assigned to Service Center,LOW,,107.4,3,In Progress,Email,no power,N,N
4123450072.0,15/01/2026,Tablets,SM-T870,Engineer Assigned,CRITICAL,Field Service,N/A,2,,Email,customer canceled,,No
,Jan 07 2026,Home Appliances,DVE50R5400V,Engineer Assigned,High,L2,,3,Resolved,Phone,tablet won't turn on,,Yes
4123450787.0,09/01/2025,TV/AV,QN55Q80C,Canceled,High,L3,20.5,five,,In-person,dishwasher leaking,N,No
4123450275.0,2026/01/01,Tablets,,Repair completed,Low,Level3 Support,181.0,,Cancelled,chat,no power,ENG012,No
4123450382.0,18-03-2026,TV/AV,QN55Q70D,,Medium,L3,61.1,five,Cancelled,Phone,charging port loose,,
,01/03/2026,Wearables,SM-R870,Engineer Assigned,,L2,32.3,5,Cancelled,Phone,no power,N,
4123450125.0,2025/08/27,TV/AV,QN75QN900C,Compleated,CRITICAL,L2,251.5,3,In Progress,In-person,bluetooth connectivity,ENG089,YES
4123450993.0,,Mobile Phones,SM-G998B,Repair completed,,Field Service,,1,Fixed,Email,,ENG034,Yes
4123450629.0,2026-03-19,,SM-T860,Delivery in Progress,LOW,,N/A,five,In Progress,Phone,fold screen issue,ENG089,Yes
4123450444.0,03-07-2025,Mobile Phones,SM-S911U,In Progress,CRITICAL,,55.5,five,,In-person,screen protector bubbling,ENG078,YES
4123450559.0,2025-02-17,Tablets,SM-T860,Acknowledged(ASC),Hgh,,241.2,1,Cancelled,In-person,screen protector bubbling,ENG012,
4123450603.0,,Wearables,SM-R870,,CRITICAL,Level3 Support,54.3,five,Pending,Phone,camera blurry,ENG045,No
4123450443.0,Dec 02 2025,Wearables,SM-R920,In Progress,Low,,Pending,,,chat,tablet won't turn on,,No
4123450788.0,05/07/2025,Tablets,SM-T500,Repair completed,Low,Hardware Team,114.2,1,,Phone,remote not working,,N
4123450771.0,2026-01-04,,WF45T6000AW,Request,LOW,,163.3,5,Closed,Email,camera blurry,ENG045,No
4123450544.0,2026-03-01,Wearables,SM-R510,Engineer Assigned,Meduim,Level2 Support,233.1,4,Pending,In-person,phone overheating,ENG045,Yes
4123450832.0,2026-02-11,TV/AV,QA65QN900A,Closed,Low,L1,,1,Resolved,In-person,washing machine making noise,ENG023,No
4123450393.0,14/08/2025,Home Appliances,RF28R6201SR,Repair completed,Medium,Level3 Support,22.3,3,Closed,Email,battery drain,ENG045,
4123450093.0,26/02/2025,TV/AV,QN75QN900C,Pending,Hgh,Level1 Support,five,N/A,Closed,Email,,,
4123450324.0,Jun 29 2025,Mobile Phones,SM-N986U,Engineer Assigned,Hgh,Level1 Support,192.2,2,Cancelled,Phone,TV apps crashing,,
4123450437.0,2025-11-22,Home Appliances,,,CRITICAL,Field Service,five,2,Closed,Phone,cracked screen,ENG078,YES
4123450218.0,21/02/2025,Wearables,SM-R920,Assigned to Service Center,High,Level2 Support,Pending,2,Resolved,chat,,,No
4123450713.0,2025-10-01,TV/AV,QN85QN900B,Compleated,LOW,L2,129.0,,,,camera blurry,ENG034,Yes
4123450871.0,09-03-2025,,SM-F946U,Canceled,Low,Level1 Support,241.3,,,In-person,cracked screen,N,YES
4123450099.0,2026-03-24,Mobile Phones,SM-N986U,Delivery in Progress,CRITICAL,L2,five,N/A,Fixed,chat,phone won't charge,ENG023,
4123450325.0,,Tablets,SM-T500,,High,Hardware Team,,,Fixed,Email,washing machine making noise,eng045,
4123451023.0,08-04-2025,Wearables,SM-R510,,Meduim,L3,,1,Fixed,chat,phone won't charge,ENG078,No
4123450195.0,2026/03/14,Mobile Phones,SM-F721U,In Progress,LOW,Hardware Team,five,4,Pending,In-person,charging port loose,ENG012,No
4123450081.0,21/04/2025,Home Appliances,RF28R7351SR,Compleated,,L2,106.3,3,,Email,hinge issue,,
4123450131.0,,Wearables,SM-R510,Pending,Hgh,Level2 Support,five,4,Closed,In-person,watch band broken,ENG089,
4123450820.0,,TV/AV,QN75QN900C,Pending,High,L3,11.0,five,Resolved,Phone,refrigerator not cooling,N,Yes
4123450558.0,,Tablets,SM-T860,Canceled,Meduim,,48hrs,3,Cancelled,Email,refrigerator not cooling,ENG012,No
4123450748.0,22/09/2025,TV/AV,QA65QN900A,Pending,Low,Level3 Support,204.1,five,Fixed,Email,dishwasher leaking,,No
4123450523.0,Mar 21 2025,TV/AV,QN55Q70D,Acknowledged(ASC),Meduim,Field Service,63.6,4,Resolved,,,ENG012,YES
4123450497.0,2025-08-26,Mobile Phones,SM-G998B,Engineer Assigned,Medium,L3,five,5,,chat,refrigerator not cooling,,Yes
4123450173.0,01-12-2025,Home Appliances,RF28R7351SR,Request,CRITICAL,Level1 Support,,N/A,Fixed,chat,washing machine making noise,ENG034,Yes
4123450859.0,2025-01-25,Wearables,SM-R920,Acknowledged(ASC),High,Field Service,152.2,4,Pending,,watch band broken,ENG078,YES
,01-08-2025,Mobile Phones,SM-F946U,Closed,Medium,Hardware Team,26.3,1,Pending,Phone,washing machine making noise,N,N
4123450998.0,09-01-2026,Tablets,SM-T870,Repair completed,High,Level2 Support,48hrs,N/A,Closed,chat,washing machine making noise,ENG034,
4123450237.0,2025-03-03,Tablets,SM-T970,Acknowledged(ASC),Medium,Level1 Support,Pending,3,,In-person,watch band broken,ENG078,
4123450821.0,2026-03-20,,SM-R870,Pending,Low,L3,68.4,five,Pending,In-person,dishwasher leaking,ENG034,N
4123450691.0,17-08-2025,TV/AV,,Assigned to Service Center,,Hardware Team,five,3,Fixed,Email,refrigerator not cooling,ENG045,Yes
4123450763.0,2025/08/02,,SM-T860,Assigned to Service Center,,L1,232.0,5,In Progress,In-person,washing machine making noise,N,
4123450116.0,,Home Appliances,RF28R6201SR,Engineer Assigned,Meduim,Level3 Support,Pending,4,Cancelled,chat,TV apps crashing,ENG078,
4123450889.0,Apr 11 2025,Home Appliances,DVE50R5400V,Delivery in Progress,High,L2,five,4,Pending,chat,TV apps crashing,ENG023,YES
4123450094.0,21/02/2025,Mobile Phones,SM-A546U,Canceled,High,Level3 Support,273.4,,Fixed,Email,screen flickering,N,Yes
4123450298.0,Dec 11 2025,Home Appliances,WA50R5400AP,Pending,Hgh,L3,five,4,Cancelled,Email,no power,ENG023,
4123450290.0,03-06-2025,Wearables,SM-R920,Compleated,Hgh,L1,43.5,,Resolved,chat,cracked screen,ENG045,N
4123450793.0,28-01-2026,Home Appliances,DVE50R5400V,,LOW,L1,236.8,N/A,Fixed,chat,fold screen issue,ENG078,Yes
4123450690.0,15/04/2025,,SM-F721U,Closed,CRITICAL,L2,293.0,,Resolved,In-person,hinge issue,ENG089,No
,2025-08-19,Home Appliances,DV50T9900V,Engineer Assigned,Low,Field Service,Pending,1,Cancelled,chat,watch band broken,ENG012,Yes
4123451057.0,Jul 03 2025,TV/AV,QN55Q80C,Acknowledged(ASC),High,Level2 Support,,4,Pending,Email,refrigerator not cooling,ENG023,
4123450272.0,05-01-2026,Home Appliances,RF28R7351SR,Acknowledged(ASC),Low,Hardware Team,108.4,5,,,hinge issue,N,No
4123450785.0,29-04-2025,,RF28R7351SR,Delivery in Progress,Low,,288.7,5,In Progress,Phone,screen protector bubbling,ENG034,N
4123450747.0,28/01/2025,Mobile Phones,SM-A546U,Pending,LOW,L2,50.6,2,Pending,Email,fold screen issue,N,
,29-01-2025,Wearables,,Assigned to Service Center,LOW,L3,237.1,N/A,Resolved,chat,cracked screen,N,YES
4123451028.0,28-01-2026,Wearables,SM-R510,Request,Hgh,Level1 Support,11.9,4,Fixed,In-person,,ENG034,Yes
4123451036.0,09/04/2025,Mobile Phones,,Closed,High,Field Service,,2,,,bluetooth connectivity,ENG078,Yes
,2025/12/06,Home Appliances,RF28R7351SR,Assigned to Service Center,Medium,Field Service,82.5,4,Pending,Email,washing machine making noise,,Yes
4123451048.0,2025-07-06,Wearables,SM-R870,In Progress,Meduim,Level1 Support,five,,Cancelled,chat,screen flickering,ENG023,Yes
4123450912.0,Jan 29 2026,Tablets,SM-T500,Request,Hgh,L2,56.8,4,,chat,dishwasher leaking,ENG034,
4123450668.0,07/07/2025,,SM-T970,Acknowledged(ASC),High,Level3 Support,39.0,1,,In-person,,ENG078,YES
4123450096.0,18/04/2025,Home Appliances,DVE50R5400V,,Medium,,five,4,Pending,Phone,,ENG078,Yes
4123450324.0,28-01-2025,TV/AV,QN85QN900B,Canceled,Meduim,,N/A,5,In Progress,,no power,N,Yes
4123450408.0,Apr 26 2025,Wearables,SM-R510,Delivery in Progress,,Level1 Support,51.5,,Resolved,,phone won't charge,ENG045,N
4123450138.0,,Home Appliances,DV50T9900V,Compleated,Low,L2,48hrs,1,Fixed,Email,dishwasher leaking,,
4123450216.0,,Tablets,SM-T970,Delivery in Progress,,L1,,1,Closed,Phone,phone overheating,eng045,
,2025/04/29,Home Appliances,RF28R6201SR,Canceled,,,five,,Pending,Phone,fold screen issue,ENG034,YES
4123451070.0,2026-03-26,Home Appliances,DVE50R5400V,Assigned to Service Center,,Level2 Support,,5,Fixed,In-person,refrigerator not cooling,ENG034,YES
4123451014.0,2025/08/27,,,Repair completed,,Level1 Support,N/A,1,Pending,Phone,hinge issue,ENG078,YES
4123450824.0,,Wearables,SM-R920,Delivery in Progress,LOW,L2,255.8,4,Resolved,chat,bluetooth connectivity,ENG012,YES
4123450500.0,07-12-2025,,QA65QN900A,Pending,CRITICAL,Level3 Support,five,5,Fixed,chat,dishwasher leaking,ENG089,Yes
4123450284.0,03/02/2026,Tablets,SM-X910,Closed,High,Field Service,262.0,4,Cancelled,chat,customer canceled,,
,2025/05/24,Wearables,SM-R510,,Meduim,Level2 Support,129.0,,In Progress,In-person,screen flickering,ENG089,Yes
4123450904.0,2025-05-07,Mobile Phones,,Delivery in Progress,,L3,48hrs,,,Phone,bluetooth connectivity,,YES
4123450519.0,2026-01-31,TV/AV,QN75QN900C,,CRITICAL,L1,,2,In Progress,,phone overheating,ENG034,Yes
4123450375.0,11-02-2025,,QN75QN900C,Repair completed,Meduim,Field Service,224.4,5,,Email,screen protector bubbling,N,Yes
4123450919.0,Jun 01 2025,TV/AV,QA65QN900A,Canceled,CRITICAL,,-5.0,five,Cancelled,Phone,tablet won't turn on,eng045,
4123450109.0,2026/02/21,Home Appliances,WF45T6000AW,Pending,Low,Level1 Support,13.1,N/A,Pending,In-person,dishwasher leaking,ENG012,No
4123450953.0,2025/12/21,TV/AV,QN75QN900C,,CRITICAL,L3,221.8,5,Pending,chat,cracked screen,eng045,
4123450501.0,11/03/2026,TV/AV,,Request,LOW,Field Service,N/A,2,In Progress,chat,washing machine making noise,ENG078,YES
4123450777.0,2026-01-05,Home Appliances,DV50T9900V,Request,Meduim,Hardware Team,five,4,Pending,In-person,screen flickering,,
4123450476.0,2025-06-27,Home Appliances,RF28R6201SR,In Progress,Low,L1,47.9,2,Resolved,chat,hinge issue,ENG089,N
,,TV/AV,QN55Q70D,Repair completed,,L3,48hrs,4,In Progress,Email,washing machine making noise,N,No
4123450464.0,2025-04-16,Mobile Phones,SM-F946U,Pending,Hgh,Level2 Support,five,3,Closed,Email,bluetooth connectivity,eng045,
4123450134.0,Jun 04 2025,TV/AV,QN65Q800C,In Progress,Meduim,,159.8,,,Email,battery drain,,
,09-11-2025,Wearables,SM-R920,Pending,Medium,L2,,3,Fixed,Email,,eng045,N
4123450347.0,10/01/2025,TV/AV,QN65Q800C,Delivery in Progress,CRITICAL,Level1 Support,294.9,1,Pending,chat,watch band broken,ENG034,YES
4123450982.0,Oct 09 2025,Wearables,SM-R510,In Progress,,,271.3,2,Closed,Email,,ENG089,
4123450866.0,2026/03/17,Wearables,,Engineer Assigned,Meduim,Field Service,228.0,4,,In-person,dishwasher leaking,ENG045,
4123450729.0,2025-11-27,Tablets,SM-T860,Pending,Hgh,L2,,3,Resolved,,dishwasher leaking,ENG034,Yes
4123451084.0,Dec 11 2025,Mobile Phones,SM-F721U,,LOW,L1,103.7,4,Cancelled,Email,,ENG078,No
4123450319.0,25/09/2025,Home Appliances,WF45T6000AW,Compleated,Meduim,Level1 Support,298.0,five,Closed,Phone,,ENG078,N
4123450930.0,Jul 15 2025,,DV50T9900V,,Low,Hardware Team,N/A,3,Resolved,,phone won't charge,,
4123450193.0,29/06/2025,Tablets,SM-T860,Repair completed,CRITICAL,Level1 Support,10.9,,Cancelled,Email,tablet won't turn on,,No
4123451008.0,2025/06/01,Mobile Phones,SM-F946U,Request,,,,4,Pending,Phone,,N,YES
4123450618.0,14-04-2025,TV/AV,QN85QN900B,Pending,Medium,Level2 Support,48hrs,1,Closed,chat,customer canceled,eng045,
4123451058.0,2025/02/08,TV/AV,QA65QN900A,Pending,CRITICAL,Hardware Team,,4,Closed,chat,bluetooth connectivity,eng045,Yes
4123450698.0,Aug 29 2025,Tablets,,Assigned to Service Center,Medium,L1,56.8,,Fixed,In-person,battery drain,eng045,Yes
4123450566.0,2025-06-20,Mobile Phones,SM-F946U,In Progress,Medium,Level2 Support,116.4,five,In Progress,Phone,,ENG012,YES
4123451101.0,2025/06/19,Home Appliances,DVE50R5400V,Delivery in Progress,CRITICAL,Field Service,89.3,1,Closed,Email,camera blurry,ENG089,
4123450956.0,2025-12-11,Mobile Phones,SM-G998B,Canceled,Hgh,Field Service,241.5,,In Progress,Phone,,N,No
4123450407.0,2025-01-28,,SM-R920,Pending,Medium,L2,215.4,3,Cancelled,chat,bluetooth connectivity,ENG012,No
4123450912.0,Aug 05 2025,Mobile Phones,SM-S921U,Compleated,LOW,L2,123.4,4,Pending,Email,TV apps crashing,ENG034,YES
4123450307.0,04-03-2026,Tablets,SM-T860,Assigned to Service Center,LOW,L3,,5,In Progress,chat,phone won't charge,ENG023,N
4123450158.0,2025-03-18,Mobile Phones,SM-N986U,Pending,Low,,213.3,2,Fixed,Phone,phone won't charge,,Yes
4123450290.0,2025-12-10,,,Canceled,Hgh,L1,N/A,4,,Email,washing machine making noise,N,N
4123450491.0,2025/06/22,Mobile Phones,,,Meduim,L2,48hrs,3,Cancelled,chat,camera blurry,ENG045,YES
4123450489.0,04-05-2025,TV/AV,QN55Q80C,Engineer Assigned,LOW,Level3 Support,,4,In Progress,,bluetooth connectivity,ENG023,N
4123450764.0,23-01-2026,Wearables,SM-R510,Engineer Assigned,Meduim,Field Service,157.8,3,Fixed,chat,,ENG034,
4123450445.0,Sep 25 2025,Tablets,SM-T500,Delivery in Progress,Low,Level1 Support,219.4,3,In Progress,chat,washing machine making noise,,
4123450912.0,2025-10-21,TV/AV,QN55Q80C,Pending,LOW,L2,248.6,,Pending,In-person,battery drain,,
4123450547.0,2025-12-05,,SM-R510,Assigned to Service Center,Low,Level3 Support,48hrs,1,,Phone,phone won't charge,eng045,
4123450454.0,,Wearables,SM-R870,Delivery in Progress,Low,L3,277.0,3,Cancelled,In-person,refrigerator not cooling,ENG089,Yes
4123450226.0,2025/07/10,,QN85QN900B,Delivery in Progress,Meduim,L2,63.9,4,Closed,Email,battery drain,N,No
4123450625.0,19/02/2025,Tablets,SM-T970,Closed,High,L1,254.2,4,Pending,In-person,screen protector bubbling,eng045,
4123450890.0,14-01-2026,Home Appliances,WA50R5400AP,,CRITICAL,Field Service,17.7,3,In Progress,In-person,bluetooth connectivity,eng045,
4123450633.0,,Tablets,SM-T860,,Hgh,L2,N/A,3,Fixed,chat,battery drain,ENG045,No
4123450818.0,2025-12-20,TV/AV,QN75QN900C,Canceled,Hgh,Level2 Support,N/A,,,,screen flickering,ENG012,YES
4123450579.0,2025-03-30,Mobile Phones,SM-S921U,In Progress,Meduim,L3,Pending,,Resolved,chat,dishwasher leaking,ENG012,No
4123450349.0,2025/12/09,TV/AV,QN55Q70D,,CRITICAL,Hardware Team,,1,,Email,TV apps crashing,ENG078,YES
4123450206.0,2025-03-13,,SM-T970,Repair completed,LOW,Level3 Support,127.6,5,Pending,In-person,cracked screen,eng045,YES
4123450526.0,Jan 26 2026,TV/AV,QA65QN900A,Repair completed,LOW,L3,199.6,3,Fixed,Email,refrigerator not cooling,ENG012,N
4123451024.0,24/01/2025,Wearables,SM-R920,Pending,CRITICAL,L3,,3,Pending,In-person,customer canceled,eng045,
4123450902.0,2025-11-25,TV/AV,QN55Q80C,Closed,Meduim,L1,155.4,five,Pending,In-person,washing machine making noise,,No
4123450715.0,2026/02/17,,SM-R870,Compleated,Medium,Level3 Support,198.3,N/A,Pending,chat,phone won't charge,N,YES
4123450781.0,May 22 2025,Home Appliances,WA50R5400AP,In Progress,,L2,,,Cancelled,,bluetooth connectivity,,YES
4123450305.0,27/11/2025,Wearables,SM-R920,Compleated,Meduim,Field Service,five,five,,,,ENG034,
4123450294.0,2025-08-15,TV/AV,QN75QN900C,Acknowledged(ASC),Meduim,L3,48hrs,five,,Phone,phone won't charge,ENG034,
4123451115.0,2025-02-04,Tablets,SM-X910,Delivery in Progress,High,Level2 Support,48hrs,2,Closed,Email,hinge issue,ENG034,No
4123450468.0,2026/01/02,TV/AV,QA65QN900A,Compleated,,Level3 Support,108.3,N/A,Pending,Phone,camera blurry,ENG034,
4123450747.0,12/03/2025,Wearables,SM-R510,Delivery in Progress,LOW,Hardware Team,217.2,N/A,In Progress,Phone,charging port loose,ENG012,N
4123450919.0,05/01/2025,Tablets,SM-T860,,High,L2,,5,,chat,cracked screen,ENG089,Yes
4123450923.0,12-01-2025,Mobile Phones,SM-F721U,Canceled,CRITICAL,Level2 Support,Pending,5,Pending,Email,,ENG045,Yes
,24-04-2025,Home Appliances,WF45T6000AW,Acknowledged(ASC),Meduim,Level3 Support,57.3,3,Fixed,Phone,bluetooth connectivity,ENG089,No
4123450179.0,,Mobile Phones,SM-S911U,Assigned to Service Center,High,Level3 Support,76.0,2,Cancelled,Email,hinge issue,ENG012,No
4123450638.0,,Wearables,,,LOW,Level1 Support,five,1,,Email,refrigerator not cooling,ENG078,
4123450305.0,2025/03/02,,WA50R5400AP,Delivery in Progress,Meduim,L2,100.9,3,Pending,chat,customer canceled,ENG023,Yes
4123450751.0,2025/03/03,,QN65Q800C,Canceled,CRITICAL,Level1 Support,22.3,2,Cancelled,Phone,screen protector bubbling,ENG045,N
4123450208.0,2025-04-23,Tablets,SM-T870,Acknowledged(ASC),Meduim,L2,,2,,,tablet won't turn on,ENG023,Yes
4123450477.0,,Tablets,SM-T860,Assigned to Service Center,Hgh,Level3 Support,,,Resolved,Phone,screen protector bubbling,ENG023,
4123450246.0,,Wearables,SM-R870,Canceled,LOW,Hardware Team,N/A,1,Closed,chat,dishwasher leaking,ENG023,Yes
4123450906.0,05/02/2026,Tablets,SM-T870,Acknowledged(ASC),Medium,L1,282.1,4,Closed,chat,TV apps crashing,ENG045,No
4123450682.0,2025/09/15,Wearables,SM-R510,Canceled,CRITICAL,L2,241.1,,In Progress,Email,remote not working,ENG089,YES
4123450485.0,2026/02/10,Tablets,SM-T870,,High,Level1 Support,N/A,4,Closed,Phone,no power,ENG023,
4123450231.0,Mar 16 2025,TV/AV,QA65QN900A,Assigned to Service Center,Low,Field Service,222.9,,In Progress,In-person,dishwasher leaking,,Yes
4123450219.0,14-03-2025,Mobile Phones,SM-S911U,Delivery in Progress,LOW,Level3 Support,Pending,1,,In-person,fold screen issue,N,No
4123450777.0,Jan 25 2026,Wearables,,Pending,Low,Field Service,124.0,1,Cancelled,In-person,dishwasher leaking,N,
4123450482.0,22-01-2026,TV/AV,QN65Q800C,Pending,Hgh,L1,249.7,1,Closed,Email,battery drain,N,N
4123450525.0,Jul 30 2025,TV/AV,QN65Q800C,,Hgh,L2,-3.7,five,Pending,In-person,hinge issue,ENG045,No
4123450314.0,Mar 01 2026,Wearables,,Compleated,Medium,Level2 Support,,5,In Progress,chat,,ENG012,
4123450959.0,09-11-2025,Tablets,SM-X910,Acknowledged(ASC),Meduim,Level2 Support,,4,In Progress,chat,phone won't charge,ENG089,No
4123450579.0,2025-03-13,Tablets,SM-X910,Closed,Low,,48hrs,1,Closed,In-person,no power,ENG012,
4123450858.0,2026/01/08,Home Appliances,RF28R7351SR,Compleated,High,Level1 Support,295.0,,Pending,Email,camera blurry,,
4123450616.0,2025-06-14,Tablets,SM-T500,Request,Meduim,L1,45.1,2,Cancelled,Phone,hinge issue,,No
4123450955.0,Jan 03 2026,Mobile Phones,SM-G998B,Pending,Meduim,L2,,3,Fixed,chat,phone won't charge,ENG023,
,Dec 14 2025,Home Appliances,DVE50R5400V,Canceled,Medium,Hardware Team,6.4,5,In Progress,Phone,no power,ENG034,YES
4123451105.0,27-02-2026,Mobile Phones,SM-G998B,Closed,Meduim,L2,,2,Pending,Phone,phone won't charge,ENG045,N
4123450289.0,May 19 2025,Mobile Phones,SM-F946U,In Progress,LOW,Field Service,48hrs,,In Progress,Email,washing machine making noise,N,YES
4123451023.0,2025/03/20,TV/AV,QN85QN900B,Canceled,Medium,L3,,,,Phone,charging port loose,,
4123450787.0,2025/01/08,Mobile Phones,SM-F946U,In Progress,CRITICAL,,,4,In Progress,Email,phone won't charge,ENG012,N
4123450185.0,29/04/2025,TV/AV,QN65Q800C,,Medium,L3,five,2,In Progress,,charging port loose,,N
4123450845.0,2025/11/04,,,In Progress,Low,Hardware Team,47.7,N/A,In Progress,chat,,ENG045,
4123450869.0,,Home Appliances,RF28R7351SR,,LOW,,101.3,,Cancelled,Email,charging port loose,ENG012,N
4123450346.0,08/05/2025,Mobile Phones,SM-S921U,Compleated,Meduim,L1,five,5,In Progress,Phone,tablet won't turn on,N,
4123450448.0,2025-09-10,TV/AV,QN55Q80C,Request,LOW,,82.9,3,,Phone,dishwasher leaking,ENG089,N
4123450996.0,Mar 15 2026,TV/AV,QN65Q800C,Request,High,Level1 Support,66.0,N/A,Cancelled,chat,phone overheating,,No
,Jan 01 2026,Wearables,SM-R870,Pending,LOW,Level1 Support,97.3,4,,Email,fold screen issue,ENG023,Yes
4123450988.0,Feb 02 2025,,QN85QN900B,Pending,Low,Level1 Support,113.8,,,chat,remote not working,ENG023,Yes
4123451107.0,2025/02/11,Mobile Phones,SM-S921U,Pending,CRITICAL,,48hrs,,Resolved,,remote not working,ENG045,
4123450981.0,2025-08-17,Wearables,,Canceled,LOW,L2,276.5,five,Cancelled,,washing machine making noise,ENG023,N
4123450389.0,04-11-2025,TV/AV,QN75QN900C,Engineer Assigned,CRITICAL,L2,215.4,5,Resolved,In-person,remote not working,ENG012,YES
4123450523.0,07/02/2025,TV/AV,QA65QN900A,Assigned to Service Center,CRITICAL,L1,203.3,,Pending,Email,cracked screen,,No
,28-02-2026,Wearables,SM-R510,Canceled,CRITICAL,Level3 Support,30.3,2,Pending,chat,screen flickering,N,N
4123450283.0,2025-07-23,,SM-X910,Delivery in Progress,CRITICAL,L2,72.9,,Fixed,Phone,hinge issue,,
4123450501.0,,Wearables,SM-R510,Compleated,,L1,,5,Fixed,In-person,battery drain,ENG089,
4123450619.0,2025/01/02,Tablets,SM-X910,Canceled,,Field Service,250.7,1,,chat,battery drain,ENG078,
4123450263.0,08-04-2025,Mobile Phones,SM-G998B,Engineer Assigned,Medium,L3,Pending,N/A,,Email,camera blurry,eng045,No
4123451161.0,09/04/2025,Wearables,SM-R870,Repair completed,Meduim,Level2 Support,five,3,,Email,remote not working,N,
4123450371.0,,TV/AV,QN55Q80C,Acknowledged(ASC),CRITICAL,Field Service,five,4,Cancelled,In-person,washing machine making noise,ENG078,No
4123450480.0,,Tablets,SM-T870,In Progress,High,L1,five,,Fixed,chat,,ENG034,N
,2025-07-13,Wearables,SM-R510,Canceled,Medium,Level1 Support,,4,Fixed,Email,TV apps crashing,ENG012,YES
4123450195.0,Oct 20 2025,Home Appliances,WF45T6000AW,Pending,Medium,Level1 Support,233.9,,Cancelled,chat,washing machine making noise,ENG012,N
4123450202.0,15-02-2026,Wearables,SM-R870,Compleated,High,,54.8,5,,Email,,,Yes
4123450406.0,2025-05-30,Mobile Phones,SM-S921U,Acknowledged(ASC),Meduim,L1,159.5,,Fixed,Email,hinge issue,ENG045,Yes
4123450642.0,2026/01/07,Mobile Phones,SM-F721U,Repair completed,Low,Field Service,197.4,4,,Email,phone overheating,N,YES
4123450557.0,2025-11-29,,,Engineer Assigned,Medium,Level2 Support,five,,Cancelled,Phone,dishwasher leaking,,No
4123450280.0,Jun 18 2025,TV/AV,QN65Q800C,Repair completed,CRITICAL,L1,267.5,five,Cancelled,Phone,cracked screen,ENG089,Yes
4123450966.0,22/03/2025,Wearables,SM-R870,Canceled,CRITICAL,,30.1,3,Pending,Phone,no power,eng045,Yes
4123450511.0,2026/01/26,TV/AV,QN85QN900B,Compleated,Meduim,Hardware Team,39.4,4,In Progress,chat,phone won't charge,N,N
4123451158.0,2026/01/05,Wearables,SM-R920,Acknowledged(ASC),,Level1 Support,84.7,2,Pending,chat,screen flickering,ENG023,
4123450467.0,17-03-2025,Home Appliances,RF28R7351SR,Closed,Meduim,L3,284.5,4,Fixed,In-person,customer canceled,ENG012,No
4123451143.0,Jan 04 2025,Home Appliances,WA50R5400AP,Request,Hgh,Field Service,,4,Fixed,Phone,charging port loose,eng045,
4123450513.0,Sep 29 2025,,SM-T970,Closed,Hgh,L3,,4,Fixed,Email,screen flickering,,
4123450506.0,May 19 2025,Wearables,SM-R870,Repair completed,Meduim,Level2 Support,,3,Pending,,screen protector bubbling,N,No
4123450820.0,13-03-2026,Mobile Phones,SM-A546U,Compleated,High,L1,48hrs,4,Cancelled,Phone,,,Yes
4123450314.0,29/01/2026,Home Appliances,,Repair completed,CRITICAL,Field Service,131.4,4,,Phone,battery drain,ENG089,
4123451091.0,01/10/2025,,,Engineer Assigned,CRITICAL,Hardware Team,72.7,N/A,In Progress,,washing machine making noise,ENG045,YES
,17-09-2025,Tablets,SM-T870,,Hgh,L3,261.3,N/A,Fixed,In-person,TV apps crashing,ENG089,Yes
4123450977.0,Feb 25 2026,Home Appliances,RF28R6201SR,Acknowledged(ASC),High,Level3 Support,246.7,2,Cancelled,chat,TV apps crashing,ENG023,YES
4123450451.0,24/02/2025,Tablets,SM-T970,Canceled,High,Level3 Support,74.0,5,Resolved,Phone,TV apps crashing,N,
4123450484.0,2025-07-28,Mobile Phones,SM-S921U,Closed,High,L1,193.5,5,In Progress,chat,no power,ENG078,Yes
4123451001.0,2025-05-11,Home Appliances,RF28R6201SR,In Progress,Low,L3,268.5,five,In Progress,chat,cracked screen,,Yes
4123450578.0,2025/01/12,,SM-X910,Delivery in Progress,CRITICAL,Level3 Support,60.0,five,Cancelled,,TV apps crashing,ENG012,N
4123450691.0,23/02/2025,Home Appliances,RF28R6201SR,In Progress,,Hardware Team,266.5,4,,Email,camera blurry,eng045,N
4123451035.0,06/08/2025,Home Appliances,RF28R6201SR,Canceled,Medium,Level1 Support,28.1,N/A,Pending,Email,,N,
4123450423.0,2025/10/09,Wearables,SM-R510,Delivery in Progress,High,Field Service,N/A,N/A,Fixed,,phone overheating,ENG045,YES
4123450599.0,2025-06-07,Wearables,SM-R920,Canceled,Medium,Hardware Team,,N/A,,Phone,bluetooth connectivity,,
4123451158.0,Jul 29 2025,Wearables,SM-R510,,,L1,26.4,,Resolved,Phone,remote not working,,
4123450957.0,23-12-2025,Mobile Phones,SM-A546U,Compleated,LOW,,five,1,,Email,watch band broken,N,
4123450712.0,2025/08/17,TV/AV,QN55Q80C,Request,CRITICAL,,48hrs,3,,chat,bluetooth connectivity,ENG078,N
4123450351.0,11/01/2025,Home Appliances,WA50R5400AP,Canceled,Hgh,L3,286.6,,Closed,Phone,screen protector bubbling,,YES
4123450618.0,07-06-2025,Mobile Phones,SM-N986U,Assigned to Service Center,Hgh,Field Service,,5,Cancelled,chat,customer canceled,,
,2025-03-04,Home Appliances,WF45T6000AW,Delivery in Progress,High,L1,,4,,Phone,refrigerator not cooling,ENG034,Yes
4123450671.0,24/11/2025,Tablets,,In Progress,,Level2 Support,,,Closed,chat,customer canceled,ENG034,
4123451106.0,09-12-2025,Home Appliances,DV50T9900V,Compleated,CRITICAL,Level2 Support,N/A,N/A,Cancelled,Phone,cracked screen,ENG045,YES
4123450326.0,11-10-2025,Mobile Phones,SM-S911U,Repair completed,Low,L1,273.2,N/A,Cancelled,Phone,cracked screen,N,No
4123451105.0,2025/07/23,Tablets,SM-T970,,Hgh,Field Service,48hrs,5,,chat,phone overheating,ENG045,No
4123450953.0,27/12/2025,Wearables,SM-R870,Canceled,,L2,127.1,2,,,camera blurry,eng045,YES
4123451035.0,26-08-2025,Mobile Phones,SM-S921U,Acknowledged(ASC),Medium,L2,244.9,five,Pending,chat,tablet won't turn on,ENG012,
4123450840.0,12-01-2025,TV/AV,,Pending,LOW,Level1 Support,-1.1,2,Closed,chat,fold screen issue,N,Yes
,Dec 29 2025,Mobile Phones,,,,Field Service,48.8,N/A,,Email,hinge issue,ENG045,No
4123450289.0,09/07/2025,TV/AV,QN65Q800C,,Hgh,Field Service,18.8,4,Fixed,chat,cracked screen,ENG045,N
4123450750.0,18-12-2025,Mobile Phones,SM-G998B,Canceled,CRITICAL,Field Service,five,3,Closed,In-person,cracked screen,ENG078,N
4123450501.0,01/03/2026,Tablets,SM-T500,Engineer Assigned,High,L2,five,N/A,,chat,screen flickering,ENG034,YES
4123450411.0,2025-07-21,Home Appliances,RF28R6201SR,Engineer Assigned,High,L2,,3,In Progress,chat,refrigerator not cooling,,No
4123450549.0,2026-02-22,Mobile Phones,SM-S921U,Request,LOW,,57.2,4,Closed,Phone,cracked screen,ENG012,Yes
4123451155.0,Feb 06 2025,Tablets,SM-X910,Engineer Assigned,,Level1 Support,7.2,,Pending,Phone,fold screen issue,ENG078,Yes
4123450928.0,2026-02-11,Home Appliances,WF45T6000AW,Repair completed,Medium,L3,five,2,,Phone,phone won't charge,N,No
4123450593.0,Oct 11 2025,Home Appliances,RF28R6201SR,,Meduim,L1,Pending,5,Pending,Phone,camera blurry,ENG045,
4123450928.0,2025/05/20,Tablets,,Request,CRITICAL,L1,242.1,,Resolved,chat,customer canceled,ENG034,YES
,2025-11-11,Tablets,SM-T870,Pending,Low,Level2 Support,12.7,N/A,Resolved,In-person,watch band broken,,YES
4123451184.0,13/03/2026,Mobile Phones,SM-F721U,Canceled,LOW,Field Service,,4,Cancelled,Phone,battery drain,ENG034,No
4123450481.0,06-06-2025,Mobile Phones,SM-S911U,Compleated,Hgh,Level3 Support,237.7,1,In Progress,Email,hinge issue,ENG045,No
4123450966.0,2025-05-27,,SM-T500,Repair completed,,Level3 Support,32.8,five,Closed,Phone,dishwasher leaking,ENG045,Yes
,25/09/2025,Mobile Phones,SM-G998B,Delivery in Progress,High,Hardware Team,,4,Closed,Email,phone overheating,ENG034,YES
4123450935.0,17/12/2025,Wearables,SM-R920,Canceled,LOW,Level3 Support,136.1,1,In Progress,chat,dishwasher leaking,ENG045,N
4123450502.0,14/03/2026,Home Appliances,WF45T6000AW,,Medium,L1,,2,,chat,remote not working,ENG023,
4123450885.0,May 05 2025,Tablets,SM-X910,Request,Medium,Level3 Support,257.8,,In Progress,,fold screen issue,,
4123450428.0,2026/02/28,TV/AV,QN55Q70D,Acknowledged(ASC),CRITICAL,Level1 Support,48hrs,,,In-person,customer canceled,ENG034,N
4123450369.0,24-10-2025,Home Appliances,,Closed,,,five,,Fixed,Phone,dishwasher leaking,ENG089,Yes
4123450976.0,Jun 20 2025,TV/AV,QN85QN900B,Engineer Assigned,LOW,L3,134.9,3,In Progress,In-person,refrigerator not cooling,eng045,N
4123450847.0,02-03-2025,TV/AV,QA65QN900A,Delivery in Progress,High,Level1 Support,,3,Cancelled,Email,screen protector bubbling,,Yes
,07-12-2025,Mobile Phones,SM-F721U,Delivery in Progress,Low,Level3 Support,,five,In Progress,In-person,camera blurry,eng045,N
4123451127.0,17/03/2025,,QN85QN900B,Canceled,LOW,,,N/A,Closed,In-person,no power,ENG078,
4123450571.0,2026/03/11,TV/AV,QN55Q80C,Acknowledged(ASC),Medium,Field Service,57.5,,,chat,hinge issue,ENG045,YES
,2025/02/08,Mobile Phones,SM-S921U,Compleated,Hgh,Level1 Support,56.4,2,Closed,In-person,battery drain,N,
4123450741.0,2025-12-13,Wearables,SM-R510,Repair completed,Low,Level3 Support,,4,Fixed,chat,charging port loose,,YES
4123450963.0,2026-01-11,TV/AV,QN55Q70D,In Progress,CRITICAL,L1,219.6,,Pending,Phone,no power,ENG034,No
4123451202.0,2025-02-10,Tablets,,Repair completed,LOW,Hardware Team,31.2,1,Pending,Email,washing machine making noise,ENG089,Yes
4123450812.0,Nov 10 2025,Tablets,,Engineer Assigned,Low,,111.7,,Pending,Email,screen flickering,ENG078,N
4123450951.0,Jul 31 2025,Mobile Phones,SM-F721U,Compleated,,,158.0,N/A,Fixed,In-person,,,
4123450513.0,15/04/2025,Tablets,SM-T970,Compleated,LOW,L1,Pending,5,,Email,refrigerator not cooling,,YES
4123450865.0,2025-06-29,Wearables,,Compleated,Hgh,L3,280.0,N/A,In Progress,Email,no power,,No
4123450397.0,2025-01-20,Wearables,SM-R920,Request,CRITICAL,Hardware Team,five,5,In Progress,,screen protector bubbling,ENG034,Yes
,2025/10/23,Wearables,SM-R920,Delivery in Progress,Medium,L1,215.9,five,Fixed,Phone,cracked screen,ENG034,
4123450332.0,19-02-2026,Mobile Phones,SM-F946U,Request,High,Level3 Support,265.4,3,In Progress,chat,screen protector bubbling,ENG089,
4123450386.0,25-06-2025,Mobile Phones,SM-N986U,Compleated,CRITICAL,Field Service,161.4,3,Cancelled,chat,,eng045,
4123450976.0,Oct 07 2025,Wearables,SM-R920,Pending,Low,L2,48hrs,,Resolved,Email,hinge issue,,Yes
,2025-08-09,Wearables,SM-R870,,,Field Service,,3,,chat,no power,,Yes
4123450395.0,18/03/2026,Mobile Phones,SM-G998B,Pending,Low,Level1 Support,259.9,3,,,bluetooth connectivity,,Yes
,2026-01-24,TV/AV,,Repair completed,Medium,L2,35.2,,In Progress,chat,phone won't charge,ENG089,
4123451159.0,2025-10-10,Home Appliances,RF28R6201SR,Compleated,CRITICAL,Field Service,five,2,Resolved,chat,,ENG023,No
,30/01/2025,Home Appliances,DV50T9900V,Closed,CRITICAL,L1,five,,Closed,In-person,camera blurry,ENG012,Yes
,2025/07/03,Tablets,SM-T870,In Progress,Low,L1,five,N/A,Cancelled,Email,phone won't charge,ENG045,YES
4123451030.0,2025-11-02,Tablets,SM-T860,Assigned to Service Center,CRITICAL,,,5,Pending,chat,TV apps crashing,ENG023,N
4123450434.0,Jun 06 2025,Mobile Phones,SM-S921U,Canceled,CRITICAL,Level1 Support,15.9,3,Pending,Email,customer canceled,,N
4123450876.0,06/03/2025,Tablets,SM-T500,Canceled,CRITICAL,,63.3,1,,Phone,watch band broken,,Yes
4123451240.0,2026/02/12,,QN85QN900B,Request,Low,Level3 Support,,N/A,Resolved,,dishwasher leaking,ENG045,N
4123451253.0,31-03-2025,Wearables,SM-R920,,CRITICAL,L1,208.3,five,,In-person,TV apps crashing,,Yes
4123450799.0,15-02-2025,TV/AV,QN75QN900C,Closed,Low,L1,57.5,4,Resolved,In-person,customer canceled,,
4123450354.0,,Tablets,SM-T970,Closed,Medium,L3,48hrs,4,Fixed,In-person,TV apps crashing,ENG034,N
4123450472.0,2025/09/18,TV/AV,QN55Q70D,,Meduim,L3,,4,,Email,hinge issue,,N
4123451221.0,21-02-2026,Mobile Phones,SM-F946U,Closed,Low,Level3 Support,2.8,2,Pending,Email,cracked screen,ENG023,Yes
4123451250.0,2025-10-16,TV/AV,QN75QN900C,Compleated,Hgh,,194.5,1,Fixed,Phone,watch band broken,ENG012,
4123450669.0,01-02-2025,Wearables,SM-R510,Repair completed,Medium,Level2 Support,254.7,3,,In-person,,,No
4123450295.0,Mar 22 2025,Mobile Phones,SM-G998B,Engineer Assigned,Meduim,L1,248.2,5,Cancelled,Phone,fold screen issue,ENG045,YES
4123450682.0,Feb 02 2026,Wearables,SM-R920,In Progress,,Hardware Team,,4,In Progress,chat,charging port loose,,
4123451093.0,12-09-2025,TV/AV,QN55Q80C,Engineer Assigned,High,,149.8,five,Pending,Email,remote not working,ENG023,Yes
4123451079.0,2025-11-12,TV/AV,QN65Q800C,Repair completed,Meduim,L2,,N/A,,In-person,phone overheating,ENG023,
4123451180.0,24/01/2025,TV/AV,QN85QN900B,Acknowledged(ASC),Meduim,Level1 Support,154.9,1,,chat,screen flickering,ENG045,No
4123451063.0,2026/02/13,Wearables,SM-R920,,Medium,L2,N/A,3,Resolved,chat,remote not working,ENG023,Yes
4123450446.0,24-12-2025,Home Appliances,DV50T9900V,In Progress,,Level1 Support,48hrs,1,,Phone,,eng045,Yes
4123450297.0,Jan 23 2026,Mobile Phones,SM-F721U,Compleated,Hgh,Hardware Team,,4,,,no power,ENG034,No
,18/01/2026,Tablets,SM-T860,Closed,LOW,Level3 Support,-2.3,2,Pending,,battery drain,ENG012,No
4123450569.0,2026/03/18,TV/AV,QA65QN900A,Pending,Low,Level1 Support,5.6,5,,Phone,dishwasher leaking,ENG034,
4123450832.0,2025-06-04,Mobile Phones,SM-N986U,Pending,Meduim,Level2 Support,210.8,,Fixed,In-person,bluetooth connectivity,ENG078,Yes
4123450684.0,2025/07/01,TV/AV,QN55Q70D,Assigned to Service Center,Hgh,Level3 Support,Pending,five,Closed,,remote not working,ENG089,N
4123450417.0,2025/12/06,Wearables,SM-R510,Acknowledged(ASC),,Level3 Support,48hrs,5,Fixed,Email,TV apps crashing,eng045,
4123450608.0,,TV/AV,QN55Q70D,Compleated,Hgh,L2,Pending,,,Phone,no power,ENG012,
4123450505.0,22-12-2025,Home Appliances,DV50T9900V,In Progress,LOW,Level1 Support,109.0,5,Closed,Email,customer canceled,ENG045,Yes
4123450427.0,Apr 04 2025,TV/AV,QN55Q70D,Delivery in Progress,High,Field Service,,4,,Email,watch band broken,ENG045,N
4123450401.0,25/06/2025,Mobile Phones,SM-A546U,,CRITICAL,Level3 Support,five,4,Pending,Email,remote not working,ENG078,YES
4123450544.0,2025-02-19,Home Appliances,DVE50R5400V,Assigned to Service Center,LOW,Field Service,N/A,3,Cancelled,chat,fold screen issue,ENG078,No
,2026-02-23,Tablets,SM-T860,Engineer Assigned,Hgh,Level3 Support,136.6,,Resolved,Phone,fold screen issue,ENG012,
4123451252.0,16-08-2025,,QA65QN900A,Canceled,High,L1,48hrs,2,Pending,chat,fold screen issue,N,
4123451157.0,Feb 22 2025,Mobile Phones,SM-G998B,Repair completed,CRITICAL,Level3 Support,,5,Fixed,Phone,watch band broken,ENG012,Yes
4123450495.0,17/03/2025,TV/AV,QN65Q800C,Delivery in Progress,,,180.0,1,,Email,phone won't charge,,N
4123451227.0,12-01-2025,Wearables,SM-R920,,LOW,L3,,,,Email,customer canceled,eng045,Yes
4123451217.0,31/12/2025,Home Appliances,RF28R6201SR,,,L1,287.5,,In Progress,In-person,no power,eng045,No
4123450385.0,22/01/2026,TV/AV,QN75QN900C,,Hgh,Level3 Support,7.9,2,,Email,charging port loose,eng045,No
4123450423.0,,Wearables,,Canceled,CRITICAL,Level3 Support,176.8,N/A,,Email,customer canceled,,YES
4123450660.0,,Tablets,SM-T970,In Progress,LOW,,N/A,1,In Progress,Phone,washing machine making noise,ENG034,N
4123450713.0,Nov 14 2025,Home Appliances,RF28R6201SR,Assigned to Service Center,Low,L1,263.6,1,Closed,Phone,bluetooth connectivity,ENG089,YES
4123450393.0,2025-06-21,Wearables,SM-R510,Engineer Assigned,CRITICAL,Level3 Support,105.8,,,chat,dishwasher leaking,ENG045,No
4123450962.0,16-12-2025,TV/AV,QN55Q80C,In Progress,Low,L1,216.8,3,In Progress,,camera blurry,N,
4123450955.0,2025/09/04,TV/AV,QN55Q70D,Request,Low,Field Service,171.5,5,In Progress,,hinge issue,,YES
4123450615.0,23-06-2025,Wearables,SM-R510,Request,,L3,241.8,4,Resolved,Email,phone won't charge,,N
4123450557.0,2025/11/09,Home Appliances,,Repair completed,Meduim,L2,,,Closed,In-person,charging port loose,ENG089,
4123450328.0,Aug 30 2025,Tablets,SM-T970,Repair completed,Low,Level1 Support,13.3,,Pending,chat,fold screen issue,,Yes
4123450771.0,,Tablets,SM-T870,Compleated,Medium,,283.4,5,Closed,,,ENG089,YES
4123450858.0,2025/10/17,Wearables,SM-R870,Canceled,CRITICAL,L1,,2,,chat,charging port loose,ENG078,No
4123450327.0,Feb 09 2025,Tablets,SM-T860,,,L3,,4,In Progress,In-person,washing machine making noise,,
4123450364.0,22-01-2026,TV/AV,QN55Q70D,Pending,,Level2 Support,68.1,1,Fixed,In-person,battery drain,eng045,YES
4123450915.0,2025-06-23,Tablets,SM-T500,Acknowledged(ASC),Low,Hardware Team,19.1,2,,chat,customer canceled,ENG045,Yes
4123450480.0,Feb 02 2025,Mobile Phones,SM-S911U,Canceled,CRITICAL,,35.4,4,Closed,In-person,dishwasher leaking,ENG089,
4123451314.0,2025-10-25,Home Appliances,DV50T9900V,Pending,Hgh,,161.6,2,Resolved,,refrigerator not cooling,eng045,N
4123450772.0,,Tablets,SM-X910,Closed,Low,Level2 Support,164.7,5,Resolved,,cracked screen,,
4123451089.0,30/06/2025,Home Appliances,RF28R7351SR,,Hgh,Level3 Support,Pending,4,In Progress,In-person,fold screen issue,,Yes
4123451244.0,,Tablets,SM-X910,Delivery in Progress,,Level2 Support,144.3,4,Resolved,chat,,ENG023,Yes
4123450650.0,20/01/2025,Wearables,SM-R510,Closed,CRITICAL,L1,N/A,1,In Progress,Email,charging port loose,ENG012,Yes
4123450665.0,Jul 14 2025,Home Appliances,DVE50R5400V,Delivery in Progress,Meduim,L3,73.6,4,,Phone,,ENG078,YES
4123451110.0,21/11/2025,,SM-F721U,In Progress,Hgh,L1,,1,,Email,remote not working,ENG045,Yes
4123450992.0,26/09/2025,Home Appliances,RF28R7351SR,Delivery in Progress,Low,L3,48hrs,1,Cancelled,chat,refrigerator not cooling,ENG078,No
4123450398.0,,TV/AV,QN75QN900C,Engineer Assigned,Low,Level1 Support,127.6,3,Resolved,Phone,hinge issue,ENG078,YES
4123451234.0,30/09/2025,Wearables,SM-R870,Pending,High,Level3 Support,35.6,,In Progress,Phone,phone won't charge,ENG089,No
4123450965.0,2025/10/06,TV/AV,QN75QN900C,Compleated,Hgh,Level1 Support,107.0,five,In Progress,chat,cracked screen,ENG023,No
4123450619.0,28/08/2025,Tablets,,Canceled,LOW,L1,five,5,,Phone,cracked screen,ENG078,Yes
4123451232.0,2025/01/20,Home Appliances,RF28R6201SR,Acknowledged(ASC),Meduim,,38.3,3,Cancelled,Phone,,ENG089,N
4123451214.0,27/08/2025,Wearables,,Engineer Assigned,Hgh,L2,,4,Resolved,Phone,,,Yes
4123451069.0,28/03/2025,Mobile Phones,SM-S921U,Closed,Medium,L1,,2,,Email,phone won't charge,eng045,YES
4123450884.0,2026-01-31,TV/AV,QN55Q80C,Canceled,Low,L3,179.5,3,In Progress,,remote not working,ENG078,YES
4123451174.0,18-05-2025,,SM-T870,Acknowledged(ASC),LOW,Field Service,214.9,5,,chat,bluetooth connectivity,ENG023,No
4123450836.0,2025/12/25,TV/AV,QN55Q80C,Delivery in Progress,,Level2 Support,Pending,2,Resolved,Phone,charging port loose,ENG089,YES
4123451033.0,2025-01-11,Mobile Phones,SM-S911U,Delivery in Progress,Medium,Hardware Team,256.9,,Closed,chat,refrigerator not cooling,ENG089,N
4123450421.0,02-02-2026,Mobile Phones,SM-F721U,,Low,L1,,4,In Progress,Phone,camera blurry,N,N
4123450932.0,Jun 06 2025,,WF45T6000AW,In Progress,Hgh,L2,48hrs,N/A,Closed,chat,dishwasher leaking,,No
4123451244.0,08-09-2025,TV/AV,QN55Q80C,Delivery in Progress,Medium,L1,,3,Cancelled,,customer canceled,,
4123450944.0,2025/02/13,Mobile Phones,SM-F946U,Assigned to Service Center,LOW,Level1 Support,81.4,3,,Phone,dishwasher leaking,,
4123450962.0,Sep 30 2025,Wearables,SM-R920,Delivery in Progress,Low,Level3 Support,,4,Pending,Phone,tablet won't turn on,ENG034,YES
4123450565.0,2026/02/18,TV/AV,QN65Q800C,,,Hardware Team,48hrs,N/A,,Phone,tablet won't turn on,,Yes
4123451280.0,2025-06-25,Tablets,SM-T500,Delivery in Progress,CRITICAL,L1,176.3,,,chat,,,YES
4123450823.0,26-08-2025,Mobile Phones,SM-S911U,Assigned to Service Center,LOW,L1,121.8,3,Cancelled,chat,,N,No
4123450913.0,2025-05-27,Mobile Phones,SM-A546U,Engineer Assigned,Low,Level1 Support,149.1,1,Closed,Phone,phone won't charge,,Yes
4123451094.0,06/01/2025,Wearables,SM-R870,Delivery in Progress,Meduim,Field Service,Pending,1,In Progress,Email,,,Yes
4123451020.0,15/07/2025,Tablets,SM-T860,Engineer Assigned,Low,Level3 Support,,1,,chat,dishwasher leaking,ENG034,
,14/01/2025,Tablets,SM-T870,Assigned to Service Center,Medium,Level3 Support,48hrs,4,Fixed,Phone,dishwasher leaking,ENG023,No
4123450978.0,Aug 15 2025,Tablets,SM-T970,,Low,Level2 Support,N/A,4,,Email,phone overheating,,YES
4123451068.0,,Mobile Phones,SM-G998B,In Progress,Low,L1,299.7,five,In Progress,chat,no power,ENG078,No
4123451207.0,2025-09-14,Wearables,SM-R920,In Progress,High,Level1 Support,51.9,5,Closed,Phone,battery drain,N,N
4123450698.0,2025-02-12,Tablets,SM-X910,Canceled,Medium,L1,N/A,2,Pending,chat,,ENG045,No
4123451349.0,15-02-2025,Mobile Phones,SM-F721U,,Medium,Level2 Support,,,,Email,bluetooth connectivity,N,
4123450854.0,31-01-2026,Wearables,SM-R920,Closed,,L1,,1,Fixed,chat,hinge issue,ENG078,Yes
4123451185.0,2025/11/30,Wearables,SM-R870,Closed,CRITICAL,Field Service,,,In Progress,chat,screen protector bubbling,ENG034,No
4123450878.0,22-01-2025,TV/AV,,Delivery in Progress,LOW,Hardware Team,,,Closed,Email,no power,,Yes
4123451251.0,08-05-2025,Tablets,SM-T870,Compleated,Low,L3,48hrs,5,,Email,remote not working,ENG045,
4123451062.0,23-03-2025,Mobile Phones,SM-N986U,Compleated,Meduim,Level2 Support,,3,,chat,dishwasher leaking,ENG045,YES
4123450442.0,May 23 2025,Tablets,SM-T860,In Progress,High,L1,21.3,3,Cancelled,Phone,camera blurry,N,N
4123450860.0,14-01-2026,Home Appliances,WA50R5400AP,In Progress,Hgh,Level3 Support,,1,Pending,In-person,phone overheating,ENG089,No
4123450995.0,2026/03/13,Wearables,SM-R510,Closed,Medium,L2,182.3,3,In Progress,Email,fold screen issue,ENG034,No
,2025-02-18,Wearables,SM-R510,Repair completed,Hgh,Level3 Support,103.6,,Cancelled,Phone,dishwasher leaking,,N
4123451359.0,2025-11-17,Mobile Phones,SM-F721U,Pending,Meduim,L1,48hrs,5,In Progress,chat,remote not working,eng045,
4123450476.0,2025/08/28,TV/AV,QN55Q80C,Repair completed,CRITICAL,L2,196.8,five,,Phone,tablet won't turn on,ENG089,N
4123451246.0,Mar 14 2026,Tablets,SM-T500,Canceled,Low,Hardware Team,five,N/A,Closed,In-person,phone overheating,eng045,
,16-07-2025,TV/AV,QN75QN900C,Delivery in Progress,CRITICAL,Level3 Support,213.8,N/A,,In-person,no power,ENG045,YES
4123450418.0,23/03/2026,Home Appliances,DVE50R5400V,Repair completed,LOW,Hardware Team,five,,Fixed,Phone,screen flickering,N,No
4123450785.0,16/02/2025,Wearables,SM-R510,Repair completed,CRITICAL,Level1 Support,210.7,5,Resolved,Phone,phone overheating,,No
4123451055.0,Jan 02 2026,Tablets,SM-X910,Acknowledged(ASC),Meduim,Level1 Support,43.4,4,Closed,chat,camera blurry,ENG012,YES
4123450479.0,,TV/AV,,Request,Low,Level2 Support,Pending,5,,chat,,ENG034,YES
4123450392.0,Dec 24 2025,TV/AV,,In Progress,Medium,Level2 Support,Pending,4,Fixed,Email,washing machine making noise,,N
4123450431.0,2026/01/15,TV/AV,QN55Q80C,Acknowledged(ASC),Low,,261.4,3,Resolved,chat,,,No
4123450685.0,09/12/2025,Wearables,SM-R510,Canceled,High,L2,166.1,1,Resolved,chat,screen protector bubbling,eng045,No
,2025/01/28,Tablets,SM-T870,Compleated,Medium,Level1 Support,294.9,five,Resolved,Phone,,ENG023,YES
4123451325.0,,Wearables,SM-R920,,Meduim,Hardware Team,Pending,2,Fixed,In-person,watch band broken,ENG078,YES
4123450398.0,02-03-2025,Wearables,SM-R870,In Progress,Hgh,Level3 Support,,3,,In-person,tablet won't turn on,eng045,YES
4123450502.0,2025/11/04,TV/AV,,Canceled,Hgh,Level2 Support,296.0,5,Fixed,In-person,bluetooth connectivity,ENG089,YES
4123450711.0,26-07-2025,Home Appliances,DV50T9900V,In Progress,High,L1,164.2,4,In Progress,Email,phone won't charge,,
4123451185.0,2025/03/11,Wearables,SM-R870,Delivery in Progress,Hgh,Hardware Team,26.6,4,Closed,chat,charging port loose,ENG023,N
4123451318.0,Aug 24 2025,Wearables,SM-R870,Delivery in Progress,,L1,122.8,1,Cancelled,chat,no power,ENG012,YES
4123450964.0,2025/03/01,TV/AV,QN55Q70D,Repair completed,Meduim,Level1 Support,N/A,1,Closed,chat,screen protector bubbling,ENG023,Yes
4123450854.0,31/03/2025,Mobile Phones,SM-G998B,,High,L1,five,3,Resolved,chat,screen flickering,eng045,
4123450742.0,03/02/2025,,,Acknowledged(ASC),Meduim,L2,,,Closed,,no power,ENG089,
4123451124.0,2025/11/18,Mobile Phones,SM-F946U,Compleated,LOW,L2,223.8,2,Resolved,chat,,eng045,No
4123450847.0,13-01-2025,TV/AV,QN55Q70D,Acknowledged(ASC),Low,Level2 Support,,2,Resolved,Email,screen protector bubbling,ENG078,
4123450664.0,Jun 14 2025,Wearables,,Request,CRITICAL,Hardware Team,82.5,N/A,Resolved,chat,,ENG023,No
4123451030.0,2025/09/28,,SM-R510,Delivery in Progress,High,L2,229.8,3,Fixed,Phone,tablet won't turn on,ENG045,YES
4123450971.0,2025/12/23,Wearables,SM-R920,Acknowledged(ASC),Meduim,L3,,2,Cancelled,Phone,customer canceled,ENG045,
4123451087.0,Mar 14 2026,Tablets,SM-T500,Request,Medium,Level1 Support,133.5,1,Closed,chat,dishwasher leaking,ENG045,No
4123451189.0,2025/12/12,Mobile Phones,SM-A546U,Closed,Medium,Hardware Team,,,Fixed,Email,phone won't charge,ENG012,No
4123450981.0,2025/11/21,,SM-T870,Pending,,L1,N/A,,Fixed,In-person,dishwasher leaking,eng045,
4123450581.0,2025-10-20,Mobile Phones,SM-A546U,Assigned to Service Center,,Hardware Team,297.6,,Closed,chat,screen flickering,ENG089,Yes
4123450981.0,2025/04/23,Wearables,SM-R920,Assigned to Service Center,Medium,Field Service,five,2,,Email,hinge issue,ENG045,N
,,Home Appliances,DVE50R5400V,Compleated,CRITICAL,L1,48hrs,1,Resolved,chat,bluetooth connectivity,eng045,YES
4123451212.0,2025/12/11,Tablets,SM-X910,Request,LOW,Hardware Team,five,2,Fixed,Phone,cracked screen,ENG023,YES
4123450735.0,2025-11-09,Wearables,SM-R920,Compleated,Medium,Level1 Support,216.3,,Fixed,Email,bluetooth connectivity,,
4123451254.0,,Mobile Phones,,,CRITICAL,L2,N/A,2,Resolved,Phone,phone overheating,ENG045,Yes
4123450712.0,2025-04-25,Wearables,SM-R510,Repair completed,CRITICAL,L1,five,3,Fixed,In-person,customer canceled,ENG012,
4123450766.0,2025-05-22,Mobile Phones,SM-A546U,Repair completed,Hgh,L2,,five,Resolved,chat,,ENG045,Yes
4123450421.0,18-03-2025,Home Appliances,DV50T9900V,Pending,High,L1,,,Resolved,chat,refrigerator not cooling,N,No
4123451402.0,2025/10/05,Home Appliances,WA50R5400AP,Compleated,CRITICAL,L1,101.5,N/A,Fixed,In-person,watch band broken,ENG078,YES
,2026/03/12,,SM-R510,Acknowledged(ASC),CRITICAL,Level2 Support,31.5,5,,Email,phone overheating,ENG034,YES
,04-02-2026,Home Appliances,DV50T9900V,Compleated,,,33.7,,,In-person,,ENG089,
4123451087.0,2026/03/05,TV/AV,QN85QN900B,Delivery in Progress,High,Level2 Support,75.0,2,,Phone,cracked screen,ENG034,N
4123450531.0,Jun 06 2025,Tablets,SM-T870,Repair completed,Medium,Hardware Team,287.5,5,Closed,In-person,camera blurry,eng045,N
4123450727.0,,Home Appliances,RF28R7351SR,Repair completed,Meduim,,82.6,3,Fixed,,,ENG089,No
4123451096.0,09-06-2025,TV/AV,QN65Q800C,Delivery in Progress,LOW,Level2 Support,N/A,5,In Progress,chat,screen flickering,ENG034,Yes
4123450701.0,21-02-2025,Home Appliances,DV50T9900V,Request,CRITICAL,Hardware Team,239.2,1,Cancelled,Phone,no power,ENG023,N
4123451199.0,18-08-2025,Tablets,SM-T870,Request,,L3,,2,Closed,chat,phone overheating,,N
4123450938.0,05/05/2025,TV/AV,QN55Q70D,Compleated,Low,L3,,3,Cancelled,,,,N
4123450589.0,23/08/2025,TV/AV,QN85QN900B,Repair completed,Low,Level1 Support,113.5,3,Resolved,Email,tablet won't turn on,ENG012,No
,Aug 15 2025,Mobile Phones,,Pending,Meduim,L2,five,3,In Progress,chat,charging port loose,ENG045,
4123451134.0,17-03-2026,Home Appliances,DVE50R5400V,Compleated,,L1,1.3,4,Fixed,Email,camera blurry,ENG012,Yes
,10/06/2025,Home Appliances,RF28R7351SR,Acknowledged(ASC),CRITICAL,Level1 Support,,3,Pending,In-person,battery drain,,YES
4123451122.0,Jan 28 2026,Mobile Phones,SM-A546U,Delivery in Progress,High,,N/A,5,Pending,chat,phone overheating,,No
4123450901.0,25-05-2025,TV/AV,QA65QN900A,Compleated,CRITICAL,L2,278.0,5,Fixed,In-person,washing machine making noise,ENG078,
4123450752.0,Mar 20 2026,Wearables,SM-R510,Closed,,Field Service,252.7,N/A,Fixed,Phone,phone won't charge,ENG023,No
4123451074.0,21/12/2025,Wearables,SM-R510,Closed,Hgh,L3,,3,Resolved,Email,,eng045,No
4123451102.0,2025/06/23,Tablets,SM-T860,Closed,Medium,L3,,1,,chat,tablet won't turn on,,
4123450944.0,31-05-2025,Mobile Phones,SM-S921U,,LOW,Level1 Support,,,Resolved,Phone,TV apps crashing,ENG012,Yes
4123450473.0,21-01-2025,Wearables,SM-R510,Pending,LOW,Hardware Team,Pending,,,In-person,customer canceled,N,No
4123450540.0,07/07/2025,Wearables,SM-R870,Repair completed,Meduim,Field Service,232.6,4,Closed,,washing machine making noise,ENG078,
4123451033.0,28/12/2025,Tablets,SM-T860,Delivery in Progress,Meduim,L3,Pending,,,,bluetooth connectivity,ENG012,No
4123451274.0,2025/02/07,TV/AV,QN55Q70D,Acknowledged(ASC),Low,Level2 Support,N/A,4,Cancelled,Email,no power,ENG023,N
4123451195.0,,Tablets,SM-T500,Engineer Assigned,CRITICAL,L3,,five,Fixed,In-person,watch band broken,,
4123450657.0,2025/03/14,Mobile Phones,SM-F946U,Delivery in Progress,Hgh,L1,297.9,1,Cancelled,In-person,dishwasher leaking,ENG034,Yes
4123451277.0,2025/11/01,Home Appliances,RF28R7351SR,Canceled,High,L1,171.0,,In Progress,chat,screen protector bubbling,eng045,YES
4123450661.0,2025-06-22,Mobile Phones,SM-F946U,Delivery in Progress,Low,Level2 Support,five,1,Resolved,Email,phone won't charge,eng045,Yes
4123451072.0,2026/03/02,Mobile Phones,SM-G998B,Compleated,Medium,L3,186.2,2,,In-person,phone overheating,ENG045,YES
4123451151.0,02/01/2025,Mobile Phones,SM-F721U,Repair completed,CRITICAL,L1,186.4,2,,,washing machine making noise,ENG078,Yes
4123450763.0,2025-12-04,Home Appliances,,Assigned to Service Center,CRITICAL,L3,N/A,4,Closed,Phone,remote not working,ENG012,N
4123450596.0,May 15 2025,Tablets,SM-T860,Compleated,LOW,Level3 Support,48hrs,1,Resolved,chat,dishwasher leaking,N,No
4123450605.0,Feb 08 2026,TV/AV,QN85QN900B,Repair completed,Low,L3,268.2,,Resolved,,screen protector bubbling,N,Yes
4123450959.0,06-06-2025,Tablets,SM-X910,Request,Medium,,258.0,,,Email,no power,ENG089,Yes
4123451015.0,Sep 18 2025,,RF28R6201SR,Compleated,High,Hardware Team,83.4,4,In Progress,In-person,fold screen issue,,YES
4123451041.0,Apr 27 2025,Mobile Phones,SM-S911U,Assigned to Service Center,Meduim,L2,168.3,5,Fixed,In-person,tablet won't turn on,ENG034,
4123451176.0,03-02-2025,TV/AV,QN75QN900C,Pending,Medium,Field Service,48hrs,2,,Phone,no power,,N
4123451426.0,2025-04-23,Wearables,SM-R510,Canceled,Low,Level1 Support,218.7,3,,chat,hinge issue,N,N
4123450814.0,09-05-2025,Tablets,SM-T860,Delivery in Progress,Hgh,Level3 Support,211.4,,Cancelled,In-person,battery drain,ENG034,YES
4123450800.0,08-04-2025,Wearables,SM-R920,In Progress,,L1,48hrs,,In Progress,Email,screen protector bubbling,eng045,No
4123451338.0,,Mobile Phones,SM-A546U,,,Level1 Support,261.4,3,In Progress,Phone,no power,,YES
4123451196.0,24-01-2026,Home Appliances,WA50R5400AP,In Progress,Medium,Field Service,189.0,N/A,Pending,Email,no power,ENG089,Yes
4123451161.0,2025/08/22,Wearables,SM-R920,,LOW,L2,150.9,N/A,Resolved,In-person,battery drain,ENG089,
4123450956.0,Mar 22 2025,Wearables,SM-R510,Delivery in Progress,LOW,L1,104.1,N/A,,Phone,cracked screen,N,N
4123451107.0,2025-05-09,TV/AV,QN75QN900C,Repair completed,High,L2,,4,In Progress,In-person,watch band broken,ENG078,N
4123450467.0,2025/01/20,TV/AV,QN85QN900B,Repair completed,High,L2,55.2,3,Closed,Email,refrigerator not cooling,,YES
4123450642.0,Feb 16 2026,Mobile Phones,SM-A546U,Acknowledged(ASC),Hgh,L1,246.3,5,Closed,chat,screen protector bubbling,ENG034,
4123450887.0,2026-03-27,Tablets,SM-T860,Request,High,,182.8,5,In Progress,In-person,bluetooth connectivity,N,Yes
4123450872.0,2025/02/09,,SM-R920,Canceled,Hgh,L2,N/A,3,Closed,In-person,no power,ENG034,
,Apr 10 2025,Tablets,SM-T500,Pending,Medium,L1,,N/A,Resolved,Phone,TV apps crashing,eng045,N
4123451269.0,Nov 18 2025,Home Appliances,DV50T9900V,In Progress,Low,Field Service,177.3,3,,chat,refrigerator not cooling,,Yes
,2025-07-05,Tablets,SM-T870,Engineer Assigned,CRITICAL,Level1 Support,Pending,3,,chat,,ENG012,Yes
4123451088.0,2025-08-03,Tablets,SM-T870,In Progress,CRITICAL,Level3 Support,,2,In Progress,chat,camera blurry,ENG078,No
4123450697.0,02-07-2025,Tablets,SM-T500,Acknowledged(ASC),Hgh,Level3 Support,251.1,5,Resolved,chat,cracked screen,ENG012,YES
4123451181.0,2026-01-09,Home Appliances,,Pending,Hgh,Level2 Support,N/A,4,Pending,In-person,,ENG089,N
4123450945.0,24-08-2025,TV/AV,QN55Q80C,Compleated,Meduim,Field Service,200.5,1,Fixed,Email,screen protector bubbling,,
4123451354.0,21-09-2025,Wearables,SM-R920,,LOW,Level2 Support,N/A,,Cancelled,In-person,no power,ENG078,
4123451254.0,01/02/2026,Mobile Phones,SM-N986U,,Low,Field Service,,2,In Progress,Email,screen protector bubbling,N,
4123451310.0,,Mobile Phones,SM-F946U,In Progress,CRITICAL,Level1 Support,295.0,,Closed,chat,TV apps crashing,ENG012,YES
4123451209.0,2025-05-30,Home Appliances,WF45T6000AW,Acknowledged(ASC),,L1,184.6,,In Progress,Phone,camera blurry,eng045,No
4123451083.0,11-01-2026,TV/AV,QN55Q70D,,LOW,,,,Pending,Email,hinge issue,ENG012,Yes
4123451020.0,10-02-2026,Home Appliances,RF28R6201SR,,Meduim,Hardware Team,48hrs,3,,Phone,camera blurry,ENG012,
,Mar 09 2025,Mobile Phones,SM-A546U,Repair completed,Meduim,Field Service,,5,In Progress,In-person,tablet won't turn on,ENG045,
4123451370.0,2025-07-17,Wearables,SM-R920,Delivery in Progress,Meduim,Field Service,five,5,,chat,washing machine making noise,ENG078,YES
4123450916.0,16-03-2026,,SM-T870,,Medium,L3,five,N/A,Pending,In-person,bluetooth connectivity,ENG012,N
4123450861.0,16/07/2025,Mobile Phones,SM-F946U,Request,LOW,Level3 Support,N/A,2,Closed,chat,screen flickering,ENG034,N
4123450879.0,Jan 17 2026,Mobile Phones,SM-F946U,Closed,Hgh,Field Service,N/A,five,,Phone,phone won't charge,ENG045,No
4123450613.0,2025-08-17,Tablets,SM-T500,Repair completed,CRITICAL,L1,Pending,,Resolved,Phone,washing machine making noise,ENG089,No
4123451293.0,2026/01/23,Tablets,SM-T970,Acknowledged(ASC),Hgh,Hardware Team,-4.2,,In Progress,Phone,charging port loose,ENG012,No
4123450511.0,,Mobile Phones,SM-N986U,Engineer Assigned,,,65.1,4,,Phone,watch band broken,,YES
4123450638.0,2025-04-13,Home Appliances,DVE50R5400V,Compleated,Low,Level1 Support,103.5,4,Fixed,Phone,cracked screen,ENG034,
4123451151.0,Mar 25 2025,Wearables,SM-R870,In Progress,Meduim,Field Service,N/A,five,Pending,In-person,camera blurry,ENG034,YES
4123450594.0,13-08-2025,TV/AV,,Closed,LOW,L2,212.7,five,,chat,TV apps crashing,ENG034,
4123451384.0,Jun 02 2025,TV/AV,,Repair completed,LOW,,139.5,,Closed,In-person,remote not working,,YES
4123451115.0,2025-02-19,Home Appliances,DV50T9900V,Engineer Assigned,High,Level3 Support,,5,Fixed,Phone,phone overheating,ENG023,
4123451042.0,,TV/AV,,Engineer Assigned,LOW,Level3 Support,five,1,Resolved,Phone,screen protector bubbling,ENG078,Yes
4123451077.0,30/12/2025,Wearables,SM-R870,Compleated,Medium,L3,48hrs,five,Resolved,In-person,bluetooth connectivity,eng045,No
4123450521.0,2025-04-01,Home Appliances,WA50R5400AP,Delivery in Progress,Meduim,L2,,,Resolved,chat,phone won't charge,eng045,
4123450754.0,05/07/2025,Home Appliances,WF45T6000AW,Compleated,High,L1,64.8,,Resolved,chat,no power,ENG012,YES
4123450862.0,,Tablets,SM-X910,Delivery in Progress,Meduim,L3,202.7,4,Resolved,In-person,fold screen issue,ENG012,N
4123450752.0,2026/02/16,TV/AV,QN75QN900C,Compleated,LOW,Level1 Support,five,1,,Phone,,ENG012,N
4123451229.0,08/09/2025,TV/AV,QN55Q70D,In Progress,Medium,Level1 Support,125.8,2,,In-person,no power,eng045,YES
4123450730.0,20-05-2025,Wearables,SM-R920,Compleated,Hgh,Hardware Team,N/A,five,Resolved,,watch band broken,ENG012,Yes
4123450539.0,14-03-2025,TV/AV,QN55Q80C,,Low,L1,291.0,1,Closed,Phone,washing machine making noise,ENG078,No
4123450978.0,18/01/2025,Tablets,SM-T500,Request,Medium,Hardware Team,68.1,3,Pending,Email,no power,,
4123451251.0,15/11/2025,Tablets,SM-X910,Pending,High,Level1 Support,123.4,2,Closed,In-person,camera blurry,ENG034,N
4123450883.0,2025/06/30,TV/AV,QA65QN900A,Pending,Hgh,Level2 Support,N/A,1,Fixed,Phone,charging port loose,N,No
4123451254.0,2026/02/10,Tablets,SM-T860,,Meduim,Level3 Support,243.0,3,,Phone,fold screen issue,ENG034,
4123451383.0,2026-03-11,Home Appliances,WF45T6000AW,Request,Hgh,Hardware Team,,4,Cancelled,chat,,eng045,
4123451043.0,Dec 11 2025,Tablets,SM-T970,,LOW,L2,0.9,2,Closed,chat,phone won't charge,ENG045,Yes
4123450841.0,11-01-2025,TV/AV,QA65QN900A,Acknowledged(ASC),CRITICAL,L2,110.4,,In Progress,Email,bluetooth connectivity,ENG045,N
4123451002.0,19/02/2026,Tablets,,Closed,LOW,L2,,5,In Progress,Phone,customer canceled,N,
4123450840.0,12-01-2025,TV/AV,,Pending,LOW,Level1 Support,-1.1,2,Closed,chat,fold screen issue,N,Yes
4123451232.0,2025/01/20,Home Appliances,RF28R6201SR,Acknowledged(ASC),Meduim,,38.3,3,Cancelled,Phone,,ENG089,N
4123451089.0,30/06/2025,Home Appliances,RF28R7351SR,,Hgh,Level3 Support,Pending,4,In Progress,In-person,fold screen issue,,Yes
4123451199.0,18-08-2025,Tablets,SM-T870,Request,,L3,,2,Closed,chat,phone overheating,,N
4123450495.0,17/03/2025,TV/AV,QN65Q800C,Delivery in Progress,,,180.0,1,,Email,phone won't charge,,N
4123450526.0,Jan 26 2026,TV/AV,QA65QN900A,Repair completed,LOW,L3,199.6,3,Fixed,Email,refrigerator not cooling,ENG012,N
,05/09/2025,Home Appliances,DVE50R5400V,,CRITICAL,Field Service,8.5,2,,chat,fold screen issue,N,N
4123451274.0,2025/02/07,TV/AV,QN55Q70D,Acknowledged(ASC),Low,Level2 Support,N/A,4,Cancelled,Email,no power,ENG023,N
4123451277.0,2025/11/01,Home Appliances,RF28R7351SR,Canceled,High,L1,171.0,,In Progress,chat,screen protector bubbling,eng045,YES
4123450715.0,2026/02/17,,SM-R870,Compleated,Medium,Level3 Support,198.3,N/A,Pending,chat,phone won't charge,N,YES
